t,x,y,vx,vy,speed,ke,pe,te,lne,,-7.41E-03
0.067,0.421,0.242,-0.447,-0.485,0.659,4.344,1.225,5.569,1.717,,
0.100,0.402,0.218,-0.613,-0.673,0.910,8.284,1.105,9.389,2.240,,
0.133,0.381,0.197,-0.735,-0.680,1.001,10.018,1.005,11.023,2.400,,
0.167,0.353,0.173,-0.940,-0.796,1.232,15.170,0.883,16.052,2.776,,
0.200,0.318,0.144,-1.113,-0.853,1.402,19.658,0.745,20.402,3.016,,
0.233,0.279,0.116,-1.274,-0.828,1.520,23.100,0.604,23.704,3.166,,
0.267,0.233,0.089,-1.455,-0.794,1.658,27.482,0.474,27.955,3.331,,
0.300,0.182,0.063,-1.626,-0.729,1.782,31.743,0.344,32.087,3.468,,
0.333,0.125,0.041,-1.774,-0.594,1.871,35.001,0.235,35.236,3.562,,
0.367,0.064,0.023,-1.904,-0.510,1.971,38.833,0.150,38.983,3.663,,
0.400,-0.002,0.007,-2.081,-0.323,2.106,44.352,0.069,44.421,3.794,,
0.433,-0.075,0.002,-2.052,0.020,2.053,42.128,0.044,42.172,3.742,,
0.467,-0.139,0.008,-1.978,0.149,1.984,39.366,0.075,39.441,3.675,,
0.500,-0.207,0.012,-1.974,0.331,2.002,40.065,0.093,40.159,3.693,,
0.533,-0.271,0.030,-1.979,0.539,2.051,42.070,0.184,42.253,3.744,,
0.567,-0.339,0.048,-1.775,0.595,1.872,35.056,0.269,35.326,3.565,,
0.600,-0.389,0.070,-1.490,0.704,1.648,27.143,0.378,27.521,3.315,,
0.633,-0.438,0.094,-1.363,0.726,1.544,23.839,0.500,24.339,3.192,,
0.667,-0.480,0.118,-1.146,0.690,1.338,17.902,0.615,18.517,2.919,,
0.700,-0.515,0.140,-0.951,0.610,1.130,12.760,0.725,13.485,2.602,,
0.733,-0.543,0.159,-0.793,0.464,0.919,8.439,0.815,9.253,2.225,,
0.767,-0.568,0.171,-0.610,0.273,0.668,4.468,0.877,5.345,1.676,,
0.800,-0.584,0.177,-0.285,0.138,0.317,1.003,0.904,1.907,0.645,,
0.833,-0.587,0.181,0.020,-0.026,0.032,0.010,0.922,0.933,-0.069,,
0.867,-0.583,0.175,0.196,-0.237,0.308,0.950,0.896,1.845,0.613,,
0.900,-0.573,0.165,0.458,-0.304,0.550,3.022,0.845,3.867,1.353,,
0.933,-0.552,0.155,0.796,-0.520,0.951,9.046,0.796,9.842,2.287,,
0.967,-0.520,0.130,1.066,-0.643,1.245,15.505,0.675,16.180,2.784,,
1.000,-0.481,0.112,1.178,-0.625,1.334,17.789,0.586,18.375,2.911,,
1.033,-0.442,0.088,1.344,-0.670,1.502,22.546,0.470,23.016,3.136,,
1.067,-0.391,0.067,1.617,-0.661,1.747,30.524,0.367,30.890,3.430,,
1.100,-0.334,0.044,1.780,-0.610,1.882,35.407,0.254,35.661,3.574,,
1.133,-0.273,0.027,1.915,-0.477,1.973,38.937,0.167,39.105,3.666,,
1.167,-0.206,0.013,2.018,-0.403,2.058,42.340,0.098,42.438,3.748,,
1.200,-0.138,0.000,1.934,-0.300,1.957,38.317,0.035,38.352,3.647,,
1.233,-0.077,-0.007,2.093,-0.021,2.093,43.804,0.000,43.804,3.780,,
1.267,0.001,-0.002,2.048,0.405,2.087,43.568,0.029,43.597,3.775,,
1.300,0.059,0.020,1.820,0.598,1.915,36.687,0.132,36.819,3.606,,
1.333,0.123,0.038,1.780,0.609,1.881,35.375,0.224,35.599,3.572,,
1.367,0.178,0.060,1.569,0.680,1.710,29.235,0.332,29.566,3.387,,
1.400,0.227,0.084,1.414,0.744,1.598,25.524,0.446,25.971,3.257,,
1.433,0.272,0.110,1.248,0.804,1.485,22.045,0.575,22.619,3.119,,
1.467,0.310,0.137,1.082,0.813,1.353,18.309,0.709,19.019,2.945,,
1.500,0.344,0.164,0.898,0.757,1.175,13.796,0.841,14.637,2.684,,
1.533,0.370,0.188,0.724,0.675,0.990,9.804,0.957,10.761,2.376,,
1.567,0.392,0.209,0.586,0.582,0.826,6.821,1.061,7.882,2.065,,
1.600,0.409,0.226,0.415,0.440,0.605,3.659,1.147,4.806,1.570,,
1.633,0.420,0.238,0.255,0.287,0.384,1.473,1.205,2.678,0.985,,
1.667,0.426,0.246,0.104,0.124,0.162,0.262,1.241,1.503,0.407,,
1.700,0.427,0.247,-0.036,-0.019,0.041,0.017,1.246,1.262,0.233,,
1.733,0.424,0.244,-0.166,-0.173,0.240,0.575,1.235,1.809,0.593,,
1.767,0.416,0.235,-0.333,-0.371,0.498,2.484,1.189,3.673,1.301,,
1.800,0.402,0.220,-0.483,-0.534,0.720,5.190,1.113,6.304,1.841,,
1.833,0.384,0.199,-0.627,-0.627,0.887,7.862,1.014,8.877,2.183,,
1.867,0.360,0.178,-0.806,-0.688,1.060,11.226,0.908,12.135,2.496,,
1.900,0.330,0.154,-0.985,-0.775,1.253,15.700,0.789,16.490,2.803,,
1.933,0.294,0.126,-1.147,-0.811,1.405,19.748,0.655,20.403,3.016,,
1.967,0.253,0.099,-1.299,-0.792,1.521,23.144,0.524,23.669,3.164,,
2.000,0.208,0.073,-1.505,-0.742,1.678,28.146,0.396,28.542,3.351,,
2.033,0.153,0.050,-1.664,-0.657,1.789,32.022,0.282,32.303,3.475,,
2.067,0.097,0.029,-1.757,-0.523,1.834,33.618,0.181,33.799,3.520,,
2.100,0.036,0.015,-1.931,-0.378,1.967,38.700,0.110,38.810,3.659,,
2.133,-0.032,0.004,-2.007,-0.178,2.015,40.587,0.057,40.644,3.705,,
2.167,-0.098,0.003,-1.982,0.023,1.982,39.270,0.052,39.322,3.672,,
2.200,-0.164,0.006,-1.982,0.195,1.992,39.679,0.065,39.744,3.682,,
2.233,-0.230,0.016,-1.902,0.370,1.938,37.556,0.116,37.672,3.629,,
2.267,-0.291,0.031,-1.915,0.451,1.968,38.727,0.186,38.913,3.661,,
2.300,-0.358,0.046,-1.092,0.424,1.172,13.725,0.263,13.988,2.638,,
2.367,-0.400,0.073,-0.901,0.501,1.031,10.630,0.394,11.024,2.400,,
2.400,-0.448,0.096,-1.298,0.694,1.472,21.658,0.509,22.167,3.099,,
2.433,-0.487,0.119,-1.052,0.627,1.225,14.994,0.621,15.615,2.748,,
2.467,-0.518,0.138,-0.806,0.525,0.962,9.261,0.714,9.975,2.300,,
2.500,-0.540,0.154,-0.725,0.351,0.805,6.485,0.793,7.278,1.985,,
2.533,-0.566,0.162,-0.507,0.164,0.533,2.837,0.829,3.666,1.299,,
2.567,-0.574,0.165,-0.119,0.084,0.146,0.213,0.847,1.059,0.057,,
2.600,-0.574,0.167,0.119,-0.114,0.165,0.271,0.856,1.127,0.120,,
2.633,-0.566,0.158,0.432,-0.304,0.529,2.794,0.809,3.603,1.282,,
2.667,-0.545,0.147,0.701,-0.290,0.759,5.753,0.757,6.510,1.873,,
2.700,-0.520,0.138,0.783,-0.449,0.902,8.144,0.714,8.859,2.181,,
2.733,-0.493,0.117,1.042,-0.597,1.201,14.424,0.610,15.034,2.710,,
2.767,-0.450,0.098,1.315,-0.614,1.451,21.053,0.519,21.572,3.071,,
2.800,-0.405,0.076,1.367,-0.767,1.567,24.556,0.410,24.965,3.217,,
2.833,-0.359,0.047,1.662,-0.668,1.791,32.093,0.269,32.362,3.477,,
2.867,-0.295,0.032,1.895,-0.446,1.947,37.911,0.191,38.103,3.640,,
2.900,-0.233,0.018,1.891,-0.410,1.935,37.449,0.123,37.572,3.626,,
2.933,-0.169,0.004,1.925,-0.270,1.944,37.781,0.057,37.838,3.633,,
2.967,-0.104,0.000,1.980,-0.104,1.982,39.295,0.035,39.330,3.672,,
3.000,-0.037,-0.003,2.019,0.077,2.021,40.839,0.023,40.862,3.710,,
3.033,0.030,0.005,1.916,0.393,1.956,38.251,0.060,38.310,3.646,,
3.067,0.091,0.024,1.809,0.563,1.894,35.881,0.152,36.033,3.584,,
3.100,0.151,0.042,1.698,0.591,1.798,32.327,0.244,32.570,3.483,,
3.133,0.204,0.063,1.524,0.701,1.677,28.138,0.345,28.483,3.349,,
3.167,0.253,0.089,1.370,0.811,1.592,25.342,0.473,25.815,3.251,,
3.200,0.296,0.117,1.172,0.785,1.411,19.906,0.610,20.516,3.021,,
3.233,0.331,0.141,0.979,0.735,1.224,14.973,0.730,15.703,2.754,,
3.267,0.361,0.166,0.807,0.729,1.087,11.815,0.850,12.665,2.539,,
3.300,0.384,0.190,0.643,0.642,0.908,8.247,0.968,9.215,2.221,,
3.333,0.404,0.209,0.518,0.513,0.729,5.319,1.060,6.379,1.853,,
3.367,0.419,0.224,0.353,0.381,0.519,2.696,1.136,3.832,1.343,,
3.400,0.427,0.234,0.197,0.218,0.294,0.864,1.185,2.048,0.717,,
3.433,0.432,0.239,0.077,0.028,0.082,0.067,1.207,1.274,0.242,,
3.467,0.432,0.236,-0.063,-0.105,0.122,0.149,1.194,1.343,0.295,,
3.500,0.428,0.232,-0.346,-0.280,0.445,1.977,1.173,3.150,1.147,,
3.533,0.409,0.217,-0.445,-0.434,0.622,3.869,1.102,4.971,1.604,,
3.567,0.398,0.203,-0.519,-0.544,0.751,5.647,1.031,6.678,1.899,,
3.600,0.375,0.181,-0.734,-0.634,0.970,9.404,0.925,10.329,2.335,,
3.633,0.349,0.160,-0.896,-0.671,1.119,12.532,0.824,13.355,2.592,,
3.667,0.315,0.136,-1.061,-0.773,1.312,17.222,0.705,17.927,2.886,,
3.700,0.279,0.109,-1.208,-0.790,1.443,20.817,0.571,21.388,3.063,,
3.733,0.235,0.084,-1.418,-0.729,1.595,25.432,0.447,25.879,3.253,,
3.767,0.184,0.060,-1.579,-0.669,1.715,29.405,0.332,29.738,3.392,,
3.800,0.129,0.039,-1.698,-0.591,1.798,32.327,0.228,32.555,3.483,,
3.833,0.071,0.021,-1.878,-0.495,1.942,37.717,0.139,37.856,3.634,,
3.867,0.004,0.006,-1.958,-0.266,1.976,39.053,0.066,39.120,3.667,,
3.900,-0.060,0.003,-1.994,-0.063,1.995,39.789,0.052,39.842,3.685,,
3.933,-0.129,0.002,-1.907,0.193,1.916,36.724,0.046,36.770,3.605,,
3.967,-0.187,0.016,-1.817,0.358,1.852,34.282,0.116,34.397,3.538,,
4.000,-0.250,0.026,-1.823,0.505,1.892,35.785,0.163,35.948,3.582,,
4.033,-0.308,0.050,-1.689,0.597,1.792,32.111,0.281,32.391,3.478,,
4.067,-0.363,0.066,-1.523,0.563,1.624,26.378,0.358,26.736,3.286,,
4.100,-0.410,0.087,-1.324,0.639,1.470,21.623,0.465,22.088,3.095,,
4.133,-0.451,0.108,-1.112,0.619,1.273,16.204,0.567,16.772,2.820,,
4.167,-0.484,0.129,-0.926,0.579,1.092,11.932,0.667,12.599,2.534,,
4.200,-0.513,0.147,-0.702,0.467,0.843,7.104,0.757,7.860,2.062,,
4.233,-0.531,0.160,-0.494,0.285,0.570,3.249,0.820,4.069,1.403,,
4.267,-0.545,0.166,-0.264,0.143,0.301,0.904,0.850,1.754,0.562,,
4.300,-0.548,0.169,0.034,-0.046,0.058,0.033,0.867,0.900,-0.106,,
4.333,-0.543,0.163,0.192,-0.197,0.275,0.758,0.835,1.592,0.465,,
4.367,-0.536,0.156,0.464,-0.264,0.534,2.849,0.802,3.651,1.295,,
4.400,-0.512,0.145,0.686,-0.487,0.841,7.076,0.748,7.824,2.057,,
4.433,-0.490,0.124,0.898,-0.694,1.135,12.891,0.643,13.534,2.605,,
4.467,-0.452,0.099,1.178,-0.641,1.341,17.972,0.521,18.494,2.917,,
4.500,-0.411,0.081,1.351,-0.564,1.464,21.444,0.434,21.878,3.085,,
4.533,-0.362,0.061,1.533,-0.589,1.642,26.962,0.337,27.298,3.307,,
4.567,-0.309,0.042,1.736,-0.553,1.822,33.196,0.241,33.437,3.510,,
4.600,-0.247,0.024,1.779,-0.458,1.837,33.739,0.156,33.895,3.523,,
4.633,-0.191,0.011,1.907,-0.370,1.943,37.750,0.091,37.841,3.633,,
4.667,-0.119,0.000,2.006,-0.251,2.022,40.884,0.035,40.919,3.712,,
4.700,-0.057,-0.006,1.961,-0.018,1.962,38.476,0.009,38.485,3.650,,
4.733,0.011,-0.001,1.960,0.331,1.988,39.509,0.029,39.538,3.677,,
4.767,0.074,0.017,1.845,0.587,1.936,37.477,0.117,37.594,3.627,,
4.800,0.134,0.038,1.673,0.581,1.771,31.355,0.221,31.576,3.452,,
4.833,0.185,0.055,1.522,0.620,1.643,27.009,0.307,27.317,3.308,,
4.867,0.236,0.079,1.449,0.728,1.621,26.290,0.424,26.714,3.285,,
4.900,0.282,0.104,1.252,0.743,1.456,21.194,0.546,21.740,3.079,,
4.933,0.319,0.129,1.075,0.763,1.318,17.380,0.667,18.046,2.893,,
4.967,0.354,0.155,0.924,0.756,1.194,14.247,0.795,15.042,2.711,,
5.000,0.381,0.179,0.703,0.635,0.948,8.978,0.914,9.892,2.292,,
5.033,0.400,0.197,0.538,0.508,0.740,5.474,1.003,6.477,1.868,,
5.067,0.417,0.213,0.415,0.415,0.586,3.438,1.080,4.518,1.508,,
5.100,0.428,0.225,0.264,0.236,0.354,1.253,1.138,2.391,0.872,,
5.133,0.434,0.229,0.114,0.108,0.157,0.247,1.157,1.405,0.340,,